<?xml version="1.0" encoding="utf-8"?>
<modification>
    <name>Fix for twig</name>
	<code>Fix for twig</code>
    <version>1.0.0</version>
    <author>deeman</author>
    <link>http://simpleopencart.com</link>

    <file path="system/library/template/twig.php" error="skip">
        <operation error="skip">
            <search><![CDATA[$loader = new \Twig_Loader_Array(array($filename . '.twig' => $code));]]></search>
            <add position="replace"><![CDATA[
            $loader1 = new \Twig_Loader_Array(array($filename . '.twig' => $code));
            $loader2 = new \Twig_Loader_Filesystem(array(DIR_TEMPLATE));
            $loader = new \Twig_Loader_Chain(array($loader1, $loader2));
            ]]></add>
        </operation>
        <operation error="skip">
            <search><![CDATA[$loader = new \Twig\Loader\ArrayLoader(array($filename . '.twig' => $code));]]></search>
            <add position="replace"><![CDATA[
            $loader1 = new \Twig_Loader_Array(array($filename . '.twig' => $code));
            $loader2 = new \Twig_Loader_Filesystem(array(DIR_TEMPLATE));
            $loader = new \Twig_Loader_Chain(array($loader1, $loader2));
            ]]></add>
        </operation>
    </file>

    <file path="system/library/template/twig/Lexer.php" error="skip">
        <operation error="skip">
            <search index="0"><![CDATA[$text = rtrim($text);]]></search>
            <add position="replace"><![CDATA[
            if ($this->options['whitespace_trim'] === $this->positions[2][$this->position][0]) {
                $text = rtrim($text);
            }
            ]]></add>
        </operation>
    </file>
</modification>

